"Date","Price","Open","High","Low","Vol.","Change %"
"12-06-2024","598.53","602.04","611.58","597.50","17.53M","0.16%"
"11-06-2024","597.56","589.51","600.86","585.18","14.83M","1.54%"
"10-06-2024","588.51","589.63","594.40","584.86","9.26M","0.48%"
"07-06-2024","585.71","567.30","587.22","564.43","15.58M","3.44%"
"06-06-2024","566.24","567.30","570.92","561.99","11.79M","0.89%"
"05-06-2024","561.23","558.22","563.53","537.12","13.75M","2.88%"
"04-06-2024","545.51","572.13","572.13","516.24","26.55M","-4.90%"
"03-06-2024","573.61","581.18","581.18","563.68","12.31M","2.97%"
"31-05-2024","557.04","562.26","565.64","555.29","14.29M","-0.10%"
"30-05-2024","557.61","569.41","574.21","555.83","10.17M","-2.08%"
"29-05-2024","569.47","571.49","573.64","566.58","8.18M","-0.42%"
"28-05-2024","571.86","578.77","580.52","570.92","6.62M","-1.14%"
"27-05-2024","578.47","582.33","583.26","574.54","6.92M","-0.21%"
"24-05-2024","579.70","580.88","585.98","578.16","9.59M","-0.19%"
"23-05-2024","580.79","573.34","581.45","570.35","11.21M","1.57%"
"22-05-2024","571.83","574.54","576.29","568.84","9.50M","-0.40%"
"21-05-2024","574.12","575.75","577.35","572.55","10.06M","-0.28%"
"18-05-2024","575.72","573.34","578.16","571.52","1.93M","0.87%"
"17-05-2024","570.74","569.71","575.39","567.90","13.21M","0.99%"
"16-05-2024","565.13","575.27","575.99","554.63","31.24M","-1.15%"
"15-05-2024","571.71","585.98","587.19","570.38","19.67M","-1.80%"
"14-05-2024","582.18","582.45","584.20","575.30","16.33M","0.51%"
"13-05-2024","579.22","606.53","608.76","571.65","58.97M","-8.30%"
"10-05-2024","631.66","625.84","633.90","621.86","13.38M","1.59%"
"09-05-2024","621.80","610.15","629.58","607.92","19.19M","1.80%"
"08-05-2024","610.81","595.64","612.56","589.63","7.52M","2.38%"
"07-05-2024","596.60","613.29","614.34","592.68","8.88M","-2.72%"
"06-05-2024","613.29","612.56","615.46","606.53","5.72M","0.28%"
"03-05-2024","611.60","626.44","627.77","601.10","11.87M","-1.40%"
"02-05-2024","620.29","615.58","621.62","610.48","12.70M","1.97%"
"30-04-2024","608.28","606.53","615.25","602.00","9.05M","0.73%"
"29-04-2024","603.87","605.35","606.98","602.91","4.76M","0.11%"
"26-04-2024","603.21","608.22","608.91","601.46","7.94M","-0.17%"
"25-04-2024","604.27","598.98","605.50","597.17","8.37M","0.97%"
"24-04-2024","598.47","598.92","601.04","596.27","4.67M","0.50%"
"23-04-2024","595.51","589.03","600.19","587.85","7.99M","1.36%"
"22-04-2024","587.55","590.69","590.69","582.99","7.19M","1.07%"
"19-04-2024","581.30","581.78","584.17","569.71","15.38M","-0.84%"
"18-04-2024","586.22","601.31","605.38","583.14","13.54M","-2.16%"
"16-04-2024","599.17","597.48","606.47","592.71","9.57M","-0.60%"
"15-04-2024","602.79","602.36","607.71","590.54","12.63M","-1.93%"
"12-04-2024","614.68","611.96","621.01","611.66","11.58M","0.49%"
"10-04-2024","611.66","610.90","616.18","609.55","4.55M","0.50%"
"09-04-2024","608.64","616.18","621.31","606.53","8.54M","-0.46%"
"08-04-2024","611.48","609.58","613.41","605.92","5.19M","0.61%"
"05-04-2024","607.80","610.51","611.05","606.17","4.52M","-0.44%"
"04-04-2024","610.51","613.17","613.77","602.39","9.14M","0.24%"
"03-04-2024","609.03","605.92","612.23","599.01","8.04M","0.45%"
"02-04-2024","606.32","602.91","608.34","599.53","8.00M","1.25%"
"01-04-2024","598.83","603.51","609.46","595.94","8.63M","-0.06%"
"28-03-2024","599.17","592.95","603.45","590.84","9.86M","1.45%"
"27-03-2024","590.63","598.44","600.49","589.45","6.64M","-0.77%"
"26-03-2024","595.18","589.63","600.49","589.03","9.46M","0.65%"
"22-03-2024","591.32","582.33","595.18","573.55","13.64M","1.54%"
"21-03-2024","582.33","573.94","584.95","570.92","11.07M","2.60%"
"20-03-2024","567.57","579.91","582.48","555.95","13.90M","-1.81%"
"19-03-2024","578.01","584.53","585.77","574.30","9.48M","-1.51%"
"18-03-2024","586.88","570.83","588.30","565.28","12.12M","2.81%"
"15-03-2024","570.83","584.44","591.29","567.30","23.39M","-2.26%"
"14-03-2024","584.05","582.36","592.65","576.59","22.93M","-0.56%"
"13-03-2024","587.34","614.98","616.18","581.51","16.56M","-4.26%"
"12-03-2024","613.47","620.29","625.84","610.33","8.76M","-1.12%"
"11-03-2024","620.41","624.48","625.21","616.18","7.50M","-1.09%"
"07-03-2024","627.23","618.60","631.88","611.99","16.88M","2.13%"
"06-03-2024","614.16","618.60","622.01","608.94","14.21M","-0.42%"
"05-03-2024","616.73","619.81","643.10","606.74","59.81M","3.51%"
"04-03-2024","595.79","599.44","600.49","591.50","6.08M","-0.12%"
"02-03-2024","596.48","595.67","599.04","592.38","1.78M","1.12%"
"01-03-2024","589.87","578.74","591.68","577.38","10.65M","2.86%"
"29-02-2024","573.46","578.77","578.92","569.05","10.35M","-0.82%"
"28-02-2024","578.19","583.08","589.03","573.52","15.22M","-0.48%"
"27-02-2024","581.00","565.34","582.39","564.58","12.81M","2.75%"
"26-02-2024","565.46","565.55","570.32","561.69","5.60M","-0.05%"
"23-02-2024","565.73","563.14","567.18","560.90","7.05M","0.55%"
"22-02-2024","562.65","558.04","563.59","551.97","6.44M","1.22%"
"21-02-2024","555.86","559.06","565.61","553.12","6.01M","-0.57%"
"20-02-2024","559.06","563.95","564.07","555.47","4.73M","-0.67%"
"19-02-2024","562.83","569.08","569.08","561.90","4.63M","-0.64%"
"16-02-2024","566.46","558.25","572.61","557.70","12.83M","1.96%"
"15-02-2024","555.56","557.46","559.45","553.03","6.43M","0.25%"
"14-02-2024","554.20","543.16","555.20","539.75","6.57M","1.26%"
"13-02-2024","547.32","550.16","554.69","539.54","8.57M","-0.52%"
"12-02-2024","550.16","552.88","558.25","547.99","7.29M","-0.37%"
"09-02-2024","552.21","558.85","559.70","546.81","7.90M","-1.01%"
"08-02-2024","557.83","565.49","567.12","554.51","11.58M","-1.02%"
"07-02-2024","563.56","569.71","569.71","560.09","7.91M","-0.61%"
"06-02-2024","567.03","565.13","568.08","560.30","12.71M","1.38%"
"05-02-2024","559.33","563.68","573.34","552.42","38.69M","5.47%"
"02-02-2024","530.34","534.71","540.59","529.19","13.00M","0.03%"
"01-02-2024","530.18","543.16","543.25","528.86","14.51M","-0.64%"
"31-01-2024","533.62","522.16","541.05","522.16","24.56M","2.95%"
"30-01-2024","518.33","508.76","534.68","508.67","19.73M","2.12%"
"29-01-2024","507.55","489.96","509.24","489.48","12.82M","3.59%"
"25-01-2024","489.96","491.26","491.35","482.99","10.11M","0.12%"
"24-01-2024","489.39","484.26","490.05","475.87","7.22M","1.31%"
"23-01-2024","483.08","497.84","499.47","480.58","9.44M","-2.25%"
"20-01-2024","494.22","498.50","499.10","493.10","2.84M","-0.56%"
"19-01-2024","497.02","497.20","498.50","494.58","5.71M","0.55%"
"18-01-2024","494.31","487.03","496.66","481.00","11.50M","1.68%"
"17-01-2024","486.16","489.45","491.08","485.22","7.90M","-1.62%"
"16-01-2024","494.18","490.32","499.10","490.32","10.16M","0.79%"
"15-01-2024","490.32","494.88","495.12","489.02","4.84M","-0.49%"
"12-01-2024","492.74","493.76","494.00","488.33","7.66M","0.10%"
"11-01-2024","492.25","490.96","493.37","487.91","11.08M","0.89%"
"10-01-2024","487.91","482.81","489.45","478.37","9.98M","1.08%"
"09-01-2024","482.69","482.78","488.36","478.67","12.87M","1.36%"
"08-01-2024","476.23","481.84","483.02","475.26","7.67M","-0.23%"
"05-01-2024","477.35","482.21","486.37","475.02","11.09M","-0.60%"
"04-01-2024","480.24","481.60","483.90","477.56","14.30M","1.83%"
"03-01-2024","471.61","474.39","476.77","468.48","8.56M","-0.38%"
"02-01-2024","473.39","483.11","485.22","470.13","13.79M","-0.78%"
"01-01-2024","477.14","473.76","482.02","471.37","12.57M","1.37%"
"29-12-2023","470.71","455.65","484.56","455.05","41.17M","3.46%"
"28-12-2023","454.99","448.20","457.43","446.02","14.91M","1.75%"
"27-12-2023","447.14","439.36","447.71","437.64","15.05M","2.97%"
"26-12-2023","434.26","438.99","439.05","432.48","7.23M","-0.71%"
"22-12-2023","437.36","432.60","441.17","429.70","12.06M","2.24%"
"21-12-2023","427.80","424.27","429.64","420.19","7.70M","0.51%"
"20-12-2023","425.63","441.14","442.37","424.30","8.11M","-3.25%"
"19-12-2023","439.93","442.13","442.13","438.15","4.51M","-0.25%"
"18-12-2023","441.05","442.31","443.43","439.42","5.45M","-0.22%"
"15-12-2023","442.01","436.88","442.98","435.28","12.08M","1.76%"
"14-12-2023","434.38","436.94","437.36","433.68","6.73M","-0.08%"
"13-12-2023","434.71","432.11","435.40","430.61","5.81M","0.68%"
"12-12-2023","431.75","437.42","437.42","430.30","6.46M","-0.75%"
"11-12-2023","435.01","433.20","438.45","432.45","6.40M","0.87%"
"08-12-2023","431.24","435.77","439.11","426.98","8.56M","-1.02%"
"07-12-2023","435.70","437.55","439.05","432.11","10.45M","-0.07%"
"06-12-2023","436.01","427.92","437.42","427.89","12.15M","1.90%"
"05-12-2023","427.86","426.02","431.45","425.48","9.60M","0.47%"
"04-12-2023","425.84","432.11","432.72","425.35","9.35M","0.02%"
"01-12-2023","425.75","427.29","429.10","424.27","10.57M","-0.13%"
"30-11-2023","426.32","432.29","432.87","420.65","24.28M","-0.84%"
"29-11-2023","429.91","424.12","431.15","419.05","16.12M","2.13%"
"28-11-2023","420.95","408.85","422.13","406.92","16.02M","3.53%"
"24-11-2023","406.59","411.23","411.56","405.11","6.95M","-0.92%"
"23-11-2023","410.36","412.32","413.95","408.61","5.89M","-0.18%"
"22-11-2023","411.11","412.77","414.82","408.00","9.28M","-0.07%"
"21-11-2023","411.41","408.58","412.38","407.37","7.29M","1.10%"
"20-11-2023","406.95","411.59","414.46","404.77","8.32M","-1.06%"
"17-11-2023","411.32","411.90","415.00","410.15","9.56M","0.17%"
"16-11-2023","410.63","406.77","413.71","404.90","17.50M","1.32%"
"15-11-2023","405.29","398.32","406.46","396.24","11.32M","2.80%"
"13-11-2023","394.24","394.09","394.70","391.86","3.28M","-0.05%"
"12-11-2023","394.42","397.08","397.08","393.73","2.25M","0.38%"
"10-11-2023","392.92","391.89","394.06","388.66","6.43M","0.26%"
"09-11-2023","391.89","388.66","394.48","387.88","10.16M","1.06%"
"08-11-2023","387.79","391.08","391.71","387.39","6.55M","-0.38%"
"07-11-2023","389.26","389.26","392.22","388.24","6.59M","-0.16%"
"06-11-2023","389.90","394.00","394.00","388.18","10.80M","-0.22%"
"03-11-2023","390.77","399.52","401.94","389.99","23.09M","1.74%"
"02-11-2023","384.10","381.42","385.16","380.27","9.93M","1.39%"
"01-11-2023","378.82","380.21","382.51","377.98","8.79M","-0.15%"
"31-10-2023","379.40","387.45","387.45","378.58","11.40M","0.02%"
"30-10-2023","379.31","388.54","388.54","375.29","12.79M","-1.96%"
"27-10-2023","386.88","380.21","388.63","379.28","10.23M","2.31%"
"26-10-2023","378.13","383.23","383.62","376.68","8.89M","-1.77%"
"25-10-2023","384.95","392.28","393.43","383.86","8.23M","-1.47%"
"23-10-2023","390.68","400.52","402.69","389.26","8.56M","-2.39%"
"20-10-2023","400.25","402.33","408.21","398.62","11.76M","-0.84%"
"19-10-2023","403.63","400.10","405.74","397.47","10.63M","0.04%"
"18-10-2023","403.45","397.47","405.71","394.58","14.91M","1.95%"
"17-10-2023","395.72","404.35","404.90","395.09","10.26M","-1.58%"
"16-10-2023","402.06","403.48","409.06","399.07","20.01M","-0.13%"
"13-10-2023","402.60","382.60","403.75","382.02","28.01M","4.73%"
"12-10-2023","384.41","384.44","386.37","383.26","5.93M","0.47%"
"11-10-2023","382.63","382.02","384.92","381.78","7.70M","0.55%"
"10-10-2023","380.54","374.18","381.72","372.73","9.83M","2.14%"
"09-10-2023","372.58","374.66","375.38","370.37","6.38M","-0.82%"
"06-10-2023","375.66","378.40","378.61","374.18","7.92M","0.46%"
"05-10-2023","373.94","373.57","374.99","370.95","7.89M","0.98%"
"04-10-2023","370.31","374.66","374.66","367.12","7.61M","-1.10%"
"03-10-2023","374.45","381.78","381.81","373.33","6.89M","-1.55%"
"29-09-2023","380.33","373.39","382.02","372.37","8.97M","2.62%"
"28-09-2023","370.62","375.93","376.47","369.50","6.77M","-0.98%"
"27-09-2023","374.27","374.15","375.32","372.22","5.96M","0.06%"
"26-09-2023","374.06","373.39","377.62","372.94","6.27M","0.18%"
"25-09-2023","373.39","376.50","377.32","372.91","6.39M","-0.28%"
"22-09-2023","374.45","379.00","380.69","373.57","6.55M","-1.05%"
"21-09-2023","378.43","385.34","387.27","376.59","9.27M","-1.79%"
"20-09-2023","385.34","386.67","390.47","384.44","11.78M","-0.34%"
"18-09-2023","386.64","383.77","388.78","382.11","11.11M","1.01%"
"15-09-2023","382.78","379.43","384.13","378.49","18.92M","1.54%"
"14-09-2023","376.95","379.07","380.69","376.17","5.72M","-0.21%"
"13-09-2023","377.74","374.78","379.31","373.91","6.99M","0.82%"
"12-09-2023","374.66","385.04","385.64","371.31","12.54M","-2.21%"
"11-09-2023","383.14","383.02","383.47","380.51","8.78M","1.21%"
"08-09-2023","378.55","372.94","379.55","370.68","16.19M","2.01%"
"07-09-2023","371.10","368.68","372.06","367.57","6.52M","0.76%"
"06-09-2023","368.29","368.84","369.68","365.49","6.52M","-0.15%"
"05-09-2023","368.84","368.14","373.51","366.96","8.56M","0.35%"
"04-09-2023","367.54","371.52","371.52","365.73","8.39M","-0.36%"
"01-09-2023","368.87","364.64","371.10","363.25","10.30M","1.70%"
"31-08-2023","362.71","367.42","367.93","361.53","10.54M","-0.75%"
"30-08-2023","365.46","368.87","369.89","365.12","5.68M","-0.26%"
"29-08-2023","366.42","364.28","368.44","364.28","6.96M","0.79%"
"28-08-2023","363.55","365.37","367.24","363.04","7.48M","-0.45%"
"25-08-2023","365.18","368.65","372.19","358.06","16.08M","-0.96%"
"24-08-2023","368.71","372.97","373.57","367.93","7.10M","-0.48%"
"23-08-2023","370.50","375.84","375.84","370.04","8.25M","-1.02%"
"22-08-2023","374.30","375.26","378.10","373.33","8.53M","-0.05%"
"21-08-2023","374.48","372.37","376.17","371.04","9.58M","0.76%"
"18-08-2023","371.64","369.83","374.24","368.68","11.19M","0.33%"
"17-08-2023","370.40","374.18","375.38","368.75","12.12M","-0.81%"
"16-08-2023","373.42","366.15","374.99","360.48","14.56M","1.88%"
"14-08-2023","366.54","369.35","369.35","358.79","14.49M","-0.73%"
"11-08-2023","369.23","374.03","377.04","368.14","9.35M","-1.04%"
"10-08-2023","373.12","375.99","379.19","360.90","53.12M","-0.69%"
"09-08-2023","375.72","368.50","376.59","365.34","13.36M","2.51%"
"08-08-2023","366.51","369.68","371.01","365.27","8.86M","-0.36%"
"07-08-2023","367.84","373.57","373.57","367.24","9.89M","-0.89%"
"04-08-2023","371.16","377.10","377.19","370.13","11.81M","-0.64%"
"03-08-2023","373.54","375.99","378.07","370.65","11.46M","-0.59%"
"02-08-2023","375.78","388.66","388.84","372.03","15.76M","-3.26%"
"01-08-2023","388.45","389.26","394.03","387.45","8.92M","-0.10%"
"31-07-2023","388.84","386.37","389.60","383.77","7.50M","1.42%"
"28-07-2023","383.41","389.87","389.87","381.30","9.30M","-1.30%"
"27-07-2023","388.48","390.47","391.35","384.29","11.70M","0.41%"
"26-07-2023","386.91","386.25","401.58","385.64","31.67M","0.26%"
"25-07-2023","385.92","383.83","387.76","382.23","13.99M","1.62%"
"24-07-2023","379.76","378.97","382.90","377.95","12.25M","0.56%"
"21-07-2023","377.65","374.78","380.82","372.79","12.91M","0.66%"
"20-07-2023","375.17","375.78","376.35","371.88","7.83M","0.17%"
"19-07-2023","374.54","370.56","377.38","368.23","11.13M","1.39%"
"18-07-2023","369.41","374.42","374.69","366.33","10.36M","-1.03%"
"17-07-2023","373.27","378.34","378.40","372.46","7.58M","-1.02%"
"14-07-2023","377.13","375.99","377.80","373.88","7.01M","0.68%"
"13-07-2023","374.57","377.19","378.10","371.46","9.69M","-0.13%"
"12-07-2023","375.05","380.18","380.69","373.78","10.79M","-1.12%"
"11-07-2023","379.31","377.16","380.48","375.47","12.05M","1.59%"
"10-07-2023","373.36","376.59","383.11","372.70","23.80M","0.07%"
"07-07-2023","373.09","362.11","377.07","357.40","21.07M","2.90%"
"06-07-2023","362.59","356.55","365.09","355.20","14.36M","2.13%"
"05-07-2023","355.02","357.28","357.88","353.02","8.72M","-0.54%"
"04-07-2023","356.95","358.73","359.93","355.77","6.92M","0.11%"
"03-07-2023","356.55","362.11","363.49","356.07","11.13M","-0.80%"
"30-06-2023","359.42","355.08","361.50","354.86","12.49M","1.52%"
"28-06-2023","354.05","349.43","356.07","347.32","16.72M","2.36%"
"27-06-2023","345.87","344.00","348.17","343.07","9.40M","0.92%"
"26-06-2023","342.70","337.97","343.40","336.64","6.99M","1.47%"
"23-06-2023","337.75","344.00","344.70","336.58","9.36M","-1.70%"
"22-06-2023","343.61","352.45","352.87","342.91","11.23M","-2.07%"
"21-06-2023","350.88","353.02","353.60","346.72","9.15M","-0.32%"
"20-06-2023","352.00","341.62","352.42","339.47","18.07M","3.04%"
"19-06-2023","341.62","344.39","345.93","340.50","6.28M","-0.66%"
"16-06-2023","343.88","343.79","345.33","341.62","8.74M","0.24%"
"15-06-2023","343.07","345.09","347.02","342.64","12.48M","-0.32%"
"14-06-2023","344.18","341.59","344.73","340.38","12.71M","1.44%"
"13-06-2023","339.29","342.61","344.63","338.42","12.85M","-0.35%"
"12-06-2023","340.47","342.19","343.34","338.36","7.60M","0.33%"
"09-06-2023","339.35","340.62","341.86","337.54","9.36M","0.46%"
"08-06-2023","337.79","344.00","347.95","336.16","21.53M","-1.45%"
"07-06-2023","342.76","337.24","347.02","333.23","20.86M","2.20%"
"06-06-2023","335.40","331.60","336.16","329.12","15.40M","1.74%"
"05-06-2023","329.67","325.29","331.21","324.63","15.01M","1.93%"
"02-06-2023","323.42","324.09","326.65","321.52","12.29M","0.13%"
"01-06-2023","323.00","318.35","323.63","315.55","12.51M","1.69%"
"31-05-2023","317.63","313.80","318.35","311.65","12.33M","1.45%"
"30-05-2023","313.10","314.70","315.94","312.62","5.13M","-0.51%"
"29-05-2023","314.70","316.84","316.90","313.64","6.60M","0.58%"
"26-05-2023","312.89","310.75","313.67","309.12","8.36M","0.70%"
"25-05-2023","310.72","312.62","312.62","307.25","11.54M","-1.03%"
"24-05-2023","313.95","318.14","319.65","313.31","7.65M","-1.57%"
"23-05-2023","318.96","315.33","320.46","314.52","12.26M","1.15%"
"22-05-2023","315.33","316.81","318.05","313.43","9.98M","-0.47%"
"19-05-2023","316.81","307.67","317.69","304.62","19.34M","3.25%"
"18-05-2023","306.86","313.10","314.37","306.04","12.29M","-1.37%"
"17-05-2023","311.11","315.33","316.21","309.30","13.68M","-1.08%"
"16-05-2023","314.52","322.24","323.45","313.13","16.51M","-1.83%"
"15-05-2023","320.37","316.15","324.18","314.73","38.27M","2.89%"
"12-05-2023","311.38","310.14","314.13","307.97","19.77M","0.85%"
"11-05-2023","308.76","309.00","310.30","305.07","11.45M","0.41%"
"10-05-2023","307.49","306.58","309.54","304.38","12.48M","1.16%"
"09-05-2023","303.96","302.96","309.48","302.69","19.82M","0.63%"
"08-05-2023","302.06","289.69","303.14","288.54","23.52M","4.90%"
"05-05-2023","287.94","290.68","292.52","287.36","4.83M","-0.77%"
"04-05-2023","290.17","291.86","293.55","288.93","5.65M","-0.60%"